LayerID, SRAM IFMAP Start Cycle, SRAM IFMAP Stop Cycle, SRAM IFMAP Reads, SRAM Filter Start Cycle, SRAM Filter Stop Cycle, SRAM Filter Reads, SRAM OFMAP Start Cycle, SRAM OFMAP Stop Cycle, SRAM OFMAP Writes, DRAM IFMAP Start Cycle, DRAM IFMAP Stop Cycle, DRAM IFMAP Reads, DRAM Filter Start Cycle, DRAM Filter Stop Cycle, DRAM Filter Reads, DRAM OFMAP Start Cycle, DRAM OFMAP Stop Cycle, DRAM OFMAP Writes,
0, 257.0, 253790.0, 2693900, 157.0, 256.0, 3200, 511.0, 253976.0, 862048, -125830.0, 251661.0, 3774900, -2560.0, -1.0, 25600, 254200.0, 340404.0, 862048,
1, 257.0, 253790.0, 2693900, 157.0, 256.0, 3200, 511.0, 253976.0, 862048, -125830.0, 251661.0, 3774900, -2560.0, -1.0, 25600, 254200.0, 340404.0, 862048,
2, 257.0, 253790.0, 2693900, 157.0, 256.0, 3200, 511.0, 253976.0, 862048, -125830.0, 251661.0, 3774900, -2560.0, -1.0, 25600, 254200.0, 340404.0, 862048,
3, 257.0, 1202483.0, 10153600, 1.0, 1196112.0, 51200, 511.0, 1202743.0, 1421504, -301609.0, 904829.0, 12064360, -40960.0, -1.0, 409600, 1194359.0, 1227295.0, 1421504,
4, 257.0, 1202483.0, 10153600, 1.0, 1196112.0, 51200, 511.0, 1202743.0, 1421504, -301609.0, 904829.0, 12064360, -40960.0, -1.0, 409600, 1194359.0, 1227295.0, 1421504,
5, 257.0, 1202483.0, 10153600, 1.0, 1196112.0, 51200, 511.0, 1202743.0, 1421504, -301609.0, 904829.0, 12064360, -40960.0, -1.0, 409600, 1194359.0, 1227295.0, 1421504,
6, 257.0, 22252.0, 197892, 248.0, 256.0, 144, 511.0, 22513.0, 351808, -125830.0, -1.0, 1258300, -231.0, -1.0, 2310, 22753.0, 57933.0, 351808,
7, 257.0, 5635.0, 753984, 113.0, 256.0, 4608, 511.0, 5777.0, 167552, -125830.0, -1.0, 1258300, -3687.0, -1.0, 36870, 6001.0, 22756.0, 167552,
8, 257.0, 3413.0, 339840, 1.0, 2202.0, 18432, 511.0, 3699.0, 151040, -60416.0, -1.0, 604160, -7373.0, -1.0, 73730, 3891.0, 18994.0, 151040,
9, 257.0, 2547.0, 133632, 1.0, 2252.0, 73728, 511.0, 2865.0, 89088, -17818.0, -1.0, 178180, -14746.0, -1.0, 147460, 2993.0, 11901.0, 89088,
10, 257.0, 3188.0, 78732, 230.0, 256.0, 1728, 511.0, 3489.0, 186624, -74650.0, -1.0, 746500, -692.0, -1.0, 6920, 3681.0, 22343.0, 186624,
11, 257.0, 9963.0, 1557504, 1.0, 7196.0, 36864, 511.0, 10217.0, 519168, -183643.0, -1.0, 1836430, -14746.0, -1.0, 147460, 10409.0, 62325.0, 519168,
12, 257.0, 6572.0, 720000, 1.0, 5820.0, 147456, 511.0, 6826.0, 400000, -80000.0, -1.0, 800000, -29492.0, -1.0, 294920, 6954.0, 46953.0, 400000,
13, 257.0, 4167.0, 165888, 1.0, 3896.0, 294912, 511.0, 4549.0, 184320, -18432.0, -1.0, 184320, -29492.0, -1.0, 294920, 4549.0, 22980.0, 184320,
14, 257.0, 13983.0, 115200, 1.0, 13703.0, 1179648, 511.0, 14237.0, 115200, -5760.0, -1.0, 57600, -117965.0, -1.0, 1179650, 14237.0, 25756.0, 115200,
15, 257.0, 207480.0, 1330668, 230.0, 256.0, 1728, 511.0, 207771.0, 3154176, -125830.0, 125830.0, 2516600, -692.0, -1.0, 6920, 46417.0, 229779.0, 3154176,
16, 257.0, 757747.0, 6969600, 1.0, 509650.0, 73728, 511.0, 758065.0, 4646400, -125830.0, 629154.0, 7549800, -14746.0, -1.0, 147460, 507940.0, 929231.0, 4646400,
17, 257.0, 257555.0, 3359232, 1.0, 254512.0, 294912, 511.0, 257937.0, 3732480, -125830.0, 251661.0, 3774900, -29492.0, -1.0, 294920, 253933.0, 337583.0, 3732480,
18, 257.0, 25701.0, 3115008, 1.0, 24770.0, 1179648, 511.0, 25955.0, 3115008, -155751.0, -1.0, 1557510, -117965.0, -1.0, 1179650, 19659.0, 105430.0, 3115008,
19, 257.0, 32505.0, 1327104, 1.0, 32106.0, 2359296, 511.0, 32759.0, 1327104, -66356.0, -1.0, 663560, -235930.0, -1.0, 2359300, 32759.0, 165469.0, 1327104,
20, 257.0, 28221.0, 230400, 1.0, 27941.0, 2359296, 511.0, 28475.0, 230400, -11520.0, -1.0, 115200, -235930.0, -1.0, 2359300, 28475.0, 51514.0, 230400,
21, 257.0, 207480.0, 1330668, 230.0, 256.0, 1728, 511.0, 207771.0, 3154176, -125830.0, 125830.0, 2516600, -692.0, -1.0, 6920, 46417.0, 229779.0, 3154176,
22, 257.0, 757747.0, 6969600, 1.0, 509650.0, 73728, 511.0, 758065.0, 4646400, -125830.0, 629154.0, 7549800, -14746.0, -1.0, 147460, 507940.0, 929231.0, 4646400,
23, 257.0, 257555.0, 3359232, 1.0, 254512.0, 294912, 511.0, 257937.0, 3732480, -125830.0, 251661.0, 3774900, -29492.0, -1.0, 294920, 253933.0, 337583.0, 3732480,
24, 257.0, 25701.0, 3115008, 1.0, 24770.0, 1179648, 511.0, 25955.0, 3115008, -155751.0, -1.0, 1557510, -117965.0, -1.0, 1179650, 19659.0, 105430.0, 3115008,
25, 257.0, 32505.0, 1327104, 1.0, 32106.0, 2359296, 511.0, 32759.0, 1327104, -66356.0, -1.0, 663560, -235930.0, -1.0, 2359300, 32759.0, 165469.0, 1327104,
26, 257.0, 28221.0, 230400, 1.0, 27941.0, 2359296, 511.0, 28475.0, 230400, -11520.0, -1.0, 115200, -235930.0, -1.0, 2359300, 28475.0, 51514.0, 230400,
27, 257.0, 246338.0, 1778700, 110.0, 256.0, 9408, 511.0, 246531.0, 774400, -125830.0, 125830.0, 2516600, -3764.0, -1.0, 37640, 246723.0, 324162.0, 774400,
28, 257.0, 25179.0, 2764800, 1.0, 24412.0, 153600, 511.0, 25273.0, 350208, -280167.0, -1.0, 2801670, -122880.0, -1.0, 1228800, 25497.0, 60517.0, 350208,
29, 257.0, 1231.0, 150528, 65.0, 256.0, 12288, 511.0, 1357.0, 50176, -20071.0, -1.0, 200710, -4916.0, -1.0, 49160, 1549.0, 6566.0, 50176,
30, 257.0, 43045.0, 1280000, 1.0, 42690.0, 614400, 511.0, 43091.0, 240000, -128000.0, -1.0, 1280000, -314573.0, -1.0, 3145730, 38681.0, 45972.0, 240009,
31, 257.0, 1669.0, 100352, 1.0, 1218.0, 98304, 511.0, 1859.0, 75264, -10036.0, -1.0, 100360, -13108.0, -1.0, 131080, 1923.0, 9449.0, 75264,
32, 257.0, 2813.0, 40768, 1.0, 2701.0, 212992, 511.0, 3259.0, 50176, -5018.0, -1.0, 50180, -21300.0, -1.0, 213000, 3259.0, 8276.0, 50176,
33, 257.0, 63103.0, 187200, 1.0, 63031.0, 2662400, 511.0, 63421.0, 94464, -18893.0, -1.0, 188930, -314573.0, -1.0, 3145730, 63549.0, 72995.0, 94464,
34, 257.0, 246338.0, 1778700, 110.0, 256.0, 9408, 511.0, 246531.0, 774400, -125830.0, 125830.0, 2516600, -3764.0, -1.0, 37640, 246723.0, 324162.0, 774400,
35, 257.0, 25179.0, 2764800, 1.0, 24412.0, 153600, 511.0, 25273.0, 350208, -280167.0, -1.0, 2801670, -122880.0, -1.0, 1228800, 25497.0, 60517.0, 350208,
36, 257.0, 1231.0, 150528, 65.0, 256.0, 12288, 511.0, 1357.0, 50176, -20071.0, -1.0, 200710, -4916.0, -1.0, 49160, 1549.0, 6566.0, 50176,
37, 257.0, 43045.0, 1280000, 1.0, 42690.0, 614400, 511.0, 43091.0, 240000, -128000.0, -1.0, 1280000, -314573.0, -1.0, 3145730, 38681.0, 45972.0, 240009,
38, 257.0, 1669.0, 100352, 1.0, 1218.0, 98304, 511.0, 1859.0, 75264, -10036.0, -1.0, 100360, -13108.0, -1.0, 131080, 1923.0, 9449.0, 75264,
39, 257.0, 2813.0, 40768, 1.0, 2701.0, 212992, 511.0, 3259.0, 50176, -5018.0, -1.0, 50180, -21300.0, -1.0, 213000, 3259.0, 8276.0, 50176,
40, 257.0, 63103.0, 187200, 1.0, 63031.0, 2662400, 511.0, 63421.0, 94464, -18893.0, -1.0, 188930, -314573.0, -1.0, 3145730, 63549.0, 72995.0, 94464,
41, 257.0, 10599.0, 1679616, 1.0, 7620.0, 36864, 511.0, 10853.0, 559872, -183501.0, -1.0, 1835010, -14746.0, -1.0, 147460, 11045.0, 67032.0, 559872,
42, 257.0, 1130.0, 53824, 193.0, 256.0, 16384, 511.0, 1606.0, 215296, -21530.0, -1.0, 215300, -1639.0, -1.0, 16390, 1606.0, 23135.0, 215296,
43, 257.0, 6827.0, 778752, 1.0, 6024.0, 147456, 511.0, 7081.0, 432640, -86528.0, -1.0, 865280, -29492.0, -1.0, 294920, 7209.0, 50472.0, 432640,
44, 257.0, 1583.0, 57600, 129.0, 1247.0, 65536, 511.0, 1981.0, 115200, -5760.0, -1.0, 57600, -6554.0, -1.0, 65540, 1981.0, 13500.0, 115200,
45, 257.0, 707.0, 50176, 1.0, 256.0, 65536, 511.0, 961.0, 50176, -5018.0, -1.0, 50180, -6554.0, -1.0, 65540, 961.0, 5978.0, 50176,
46, 257.0, 7935.0, 331776, 1.0, 7536.0, 589824, 511.0, 8189.0, 331776, -33178.0, -1.0, 331780, -58983.0, -1.0, 589830, 8189.0, 41366.0, 331776,
47, 257.0, 3056.0, 65536, 1.0, 2746.0, 262144, 511.0, 3319.0, 65536, -1639.0, -1.0, 16390, -26215.0, -1.0, 262150, 3319.0, 9872.0, 65536,
48, 257.0, 3005.0, 50176, 1.0, 2701.0, 262144, 511.0, 3259.0, 50176, -2509.0, -1.0, 25090, -26215.0, -1.0, 262150, 3259.0, 8276.0, 50176,
49, 257.0, 12257.0, 65536, 1.0, 11986.0, 1048576, 511.0, 12511.0, 65536, -3277.0, -1.0, 32770, -104858.0, -1.0, 1048580, 12511.0, 19064.0, 65536,
50, 257.0, 10599.0, 1679616, 1.0, 7620.0, 36864, 511.0, 10853.0, 559872, -183501.0, -1.0, 1835010, -14746.0, -1.0, 147460, 11045.0, 67032.0, 559872,
51, 257.0, 1130.0, 53824, 193.0, 256.0, 16384, 511.0, 1606.0, 215296, -21530.0, -1.0, 215300, -1639.0, -1.0, 16390, 1606.0, 23135.0, 215296,
52, 257.0, 6827.0, 778752, 1.0, 6024.0, 147456, 511.0, 7081.0, 432640, -86528.0, -1.0, 865280, -29492.0, -1.0, 294920, 7209.0, 50472.0, 432640,
53, 257.0, 1583.0, 57600, 129.0, 1247.0, 65536, 511.0, 1981.0, 115200, -5760.0, -1.0, 57600, -6554.0, -1.0, 65540, 1981.0, 13500.0, 115200,
54, 257.0, 707.0, 50176, 1.0, 256.0, 65536, 511.0, 961.0, 50176, -5018.0, -1.0, 50180, -6554.0, -1.0, 65540, 961.0, 5978.0, 50176,
55, 257.0, 7935.0, 331776, 1.0, 7536.0, 589824, 511.0, 8189.0, 331776, -33178.0, -1.0, 331780, -58983.0, -1.0, 589830, 8189.0, 41366.0, 331776,
56, 257.0, 3056.0, 65536, 1.0, 2746.0, 262144, 511.0, 3319.0, 65536, -1639.0, -1.0, 16390, -26215.0, -1.0, 262150, 3319.0, 9872.0, 65536,
57, 257.0, 3005.0, 50176, 1.0, 2701.0, 262144, 511.0, 3259.0, 50176, -2509.0, -1.0, 25090, -26215.0, -1.0, 262150, 3259.0, 8276.0, 50176,
58, 257.0, 12257.0, 65536, 1.0, 11986.0, 1048576, 511.0, 12511.0, 65536, -3277.0, -1.0, 32770, -104858.0, -1.0, 1048580, 12511.0, 19064.0, 65536,
59, 257.0, 27846.0, 689275, 232.0, 256.0, 1600, 511.0, 28144.0, 1764544, -125830.0, -1.0, 1258300, -640.0, -1.0, 6400, 28336.0, 204790.0, 1764544,
60, 257.0, 1469781.0, 15634944, 1.0, 1442574.0, 36864, 511.0, 1470035.0, 5211648, -180556.0, 1444455.0, 16250040, -14746.0, -1.0, 147460, 1078122.0, 1513641.0, 5211648,
61, 257.0, 948193.0, 10857600, 1.0, 941384.0, 204800, 511.0, 948551.0, 6080256, -233906.0, 935627.0, 11695300, -40960.0, -1.0, 409600, 463806.0, 1185655.0, 6080265,
62, 257.0, 728739.0, 7573248, 1.0, 722038.0, 147456, 511.0, 728993.0, 4207360, -180938.0, 723755.0, 9046900, -29492.0, -1.0, 294920, 366176.0, 911363.0, 4207360,
63, 257.0, 472684.0, 5228800, 1.0, 470924.0, 819200, 511.0, 473067.0, 5437952, -234806.0, 469613.0, 7044180, -81920.0, -1.0, 819200, 10914.0, 647612.0, 5437952,
64, 257.0, 362995.0, 3400704, 1.0, 361264.0, 589824, 511.0, 363249.0, 3400704, -182236.0, 182236.0, 3644720, -58983.0, -1.0, 589830, 357571.0, 466124.0, 3400704,
65, 257.0, 488127.0, 4723200, 1.0, 487513.0, 3276800, 511.0, 488391.0, 4723200, -236160.0, -1.0, 2361600, -314573.0, 314573.0, 6291460, 14392.0, 610353.0, 4723202,
66, 257.0, 38841.0, 2949120, 1.0, 38266.0, 2359296, 511.0, 39095.0, 2949120, -147456.0, -1.0, 1474560, -235930.0, -1.0, 2359300, 21582.0, 171121.0, 2949120,
67, 257.0, 27846.0, 689275, 232.0, 256.0, 1600, 511.0, 28144.0, 1764544, -125830.0, -1.0, 1258300, -640.0, -1.0, 6400, 28336.0, 204790.0, 1764544,
68, 257.0, 1469781.0, 15634944, 1.0, 1442574.0, 36864, 511.0, 1470035.0, 5211648, -180556.0, 1444455.0, 16250040, -14746.0, -1.0, 147460, 1078122.0, 1513641.0, 5211648,
69, 257.0, 948193.0, 10857600, 1.0, 941384.0, 204800, 511.0, 948551.0, 6080256, -233906.0, 935627.0, 11695300, -40960.0, -1.0, 409600, 463806.0, 1185655.0, 6080265,
70, 257.0, 728739.0, 7573248, 1.0, 722038.0, 147456, 511.0, 728993.0, 4207360, -180938.0, 723755.0, 9046900, -29492.0, -1.0, 294920, 366176.0, 911363.0, 4207360,
71, 257.0, 472684.0, 5228800, 1.0, 470924.0, 819200, 511.0, 473067.0, 5437952, -234806.0, 469613.0, 7044180, -81920.0, -1.0, 819200, 10914.0, 647612.0, 5437952,
72, 257.0, 362995.0, 3400704, 1.0, 361264.0, 589824, 511.0, 363249.0, 3400704, -182236.0, 182236.0, 3644720, -58983.0, -1.0, 589830, 357571.0, 466124.0, 3400704,
73, 257.0, 488127.0, 4723200, 1.0, 487513.0, 3276800, 511.0, 488391.0, 4723200, -236160.0, -1.0, 2361600, -314573.0, 314573.0, 6291460, 14392.0, 610353.0, 4723202,
74, 257.0, 38841.0, 2949120, 1.0, 38266.0, 2359296, 511.0, 39095.0, 2949120, -147456.0, -1.0, 1474560, -235930.0, -1.0, 2359300, 21582.0, 171121.0, 2949120,
75, 257.0, 12863.0, 802816, 193.0, 256.0, 4096, 511.0, 13117.0, 802816, -125830.0, -1.0, 1258300, -1639.0, -1.0, 16390, 13309.0, 93590.0, 802816,
76, 257.0, 3455.0, 200704, 193.0, 256.0, 16384, 511.0, 3901.0, 802816, -80282.0, -1.0, 802820, -1639.0, -1.0, 16390, 3901.0, 84182.0, 802816,
77, 257.0, 3647.0, 802816, 1.0, 256.0, 16384, 511.0, 3709.0, 200704, -80282.0, -1.0, 802820, -6554.0, -1.0, 65540, 3901.0, 23971.0, 200704,
78, 257.0, 1322.0, 215296, 1.0, 256.0, 32768, 511.0, 1478.0, 107648, -21530.0, -1.0, 215300, -6554.0, -1.0, 65540, 1606.0, 12370.0, 107648,
79, 257.0, 2717.0, 200704, 129.0, 1806.0, 65536, 511.0, 3099.0, 401408, -20071.0, -1.0, 200710, -6554.0, -1.0, 65540, 3099.0, 43239.0, 401408,
80, 257.0, 2845.0, 401408, 1.0, 1806.0, 65536, 511.0, 2971.0, 200704, -40141.0, -1.0, 401410, -13108.0, -1.0, 131080, 3099.0, 23169.0, 200704,
81, 257.0, 1711.0, 115200, 1.0, 1247.0, 131072, 511.0, 1981.0, 115200, -11520.0, -1.0, 115200, -13108.0, -1.0, 131080, 1981.0, 13500.0, 115200,
82, 257.0, 3593.0, 200704, 1.0, 3142.0, 262144, 511.0, 3847.0, 200704, -5018.0, -1.0, 50180, -26215.0, -1.0, 262150, 3847.0, 23917.0, 200704,
83, 257.0, 7657.0, 460800, 1.0, 7193.0, 524288, 511.0, 7927.0, 460800, -11520.0, -1.0, 115200, -52429.0, -1.0, 524290, 7927.0, 54006.0, 460800,
84, 257.0, 3593.0, 200704, 1.0, 3142.0, 262144, 511.0, 3847.0, 200704, -20071.0, -1.0, 200710, -26215.0, -1.0, 262150, 3847.0, 23917.0, 200704,
85, 257.0, 3593.0, 200704, 1.0, 3142.0, 262144, 511.0, 3847.0, 200704, -5018.0, -1.0, 50180, -26215.0, -1.0, 262150, 3847.0, 23917.0, 200704,
86, 257.0, 6376.0, 131072, 1.0, 6066.0, 524288, 511.0, 6639.0, 131072, -6554.0, -1.0, 65540, -52429.0, -1.0, 524290, 6639.0, 19746.0, 131072,
87, 257.0, 28221.0, 230400, 1.0, 27941.0, 2359296, 511.0, 28475.0, 230400, -11520.0, -1.0, 115200, -235930.0, -1.0, 2359300, 28475.0, 51514.0, 230400,
88, 257.0, 12785.0, 200704, 1.0, 12481.0, 1048576, 511.0, 13039.0, 200704, -2509.0, -1.0, 25090, -104858.0, -1.0, 1048580, 13039.0, 33109.0, 200704,
89, 257.0, 26296.0, 524288, 1.0, 25986.0, 2097152, 511.0, 26559.0, 524288, -6554.0, -1.0, 65540, -209716.0, -1.0, 2097160, 26559.0, 78987.0, 524288,
90, 257.0, 12785.0, 200704, 1.0, 12481.0, 1048576, 511.0, 13039.0, 200704, -10036.0, -1.0, 100360, -104858.0, -1.0, 1048580, 13039.0, 33109.0, 200704,
91, 257.0, 12863.0, 802816, 193.0, 256.0, 4096, 511.0, 13117.0, 802816, -125830.0, -1.0, 1258300, -1639.0, -1.0, 16390, 13309.0, 93590.0, 802816,
92, 257.0, 3455.0, 200704, 193.0, 256.0, 16384, 511.0, 3901.0, 802816, -80282.0, -1.0, 802820, -1639.0, -1.0, 16390, 3901.0, 84182.0, 802816,
93, 257.0, 3647.0, 802816, 1.0, 256.0, 16384, 511.0, 3709.0, 200704, -80282.0, -1.0, 802820, -6554.0, -1.0, 65540, 3901.0, 23971.0, 200704,
94, 257.0, 1322.0, 215296, 1.0, 256.0, 32768, 511.0, 1478.0, 107648, -21530.0, -1.0, 215300, -6554.0, -1.0, 65540, 1606.0, 12370.0, 107648,
95, 257.0, 2717.0, 200704, 129.0, 1806.0, 65536, 511.0, 3099.0, 401408, -20071.0, -1.0, 200710, -6554.0, -1.0, 65540, 3099.0, 43239.0, 401408,
96, 257.0, 2845.0, 401408, 1.0, 1806.0, 65536, 511.0, 2971.0, 200704, -40141.0, -1.0, 401410, -13108.0, -1.0, 131080, 3099.0, 23169.0, 200704,
97, 257.0, 1711.0, 115200, 1.0, 1247.0, 131072, 511.0, 1981.0, 115200, -11520.0, -1.0, 115200, -13108.0, -1.0, 131080, 1981.0, 13500.0, 115200,
98, 257.0, 3593.0, 200704, 1.0, 3142.0, 262144, 511.0, 3847.0, 200704, -5018.0, -1.0, 50180, -26215.0, -1.0, 262150, 3847.0, 23917.0, 200704,
99, 257.0, 7657.0, 460800, 1.0, 7193.0, 524288, 511.0, 7927.0, 460800, -11520.0, -1.0, 115200, -52429.0, -1.0, 524290, 7927.0, 54006.0, 460800,
100, 257.0, 3593.0, 200704, 1.0, 3142.0, 262144, 511.0, 3847.0, 200704, -20071.0, -1.0, 200710, -26215.0, -1.0, 262150, 3847.0, 23917.0, 200704,
101, 257.0, 3593.0, 200704, 1.0, 3142.0, 262144, 511.0, 3847.0, 200704, -5018.0, -1.0, 50180, -26215.0, -1.0, 262150, 3847.0, 23917.0, 200704,
102, 257.0, 6376.0, 131072, 1.0, 6066.0, 524288, 511.0, 6639.0, 131072, -6554.0, -1.0, 65540, -52429.0, -1.0, 524290, 6639.0, 19746.0, 131072,
103, 257.0, 28221.0, 230400, 1.0, 27941.0, 2359296, 511.0, 28475.0, 230400, -11520.0, -1.0, 115200, -235930.0, -1.0, 2359300, 28475.0, 51514.0, 230400,
104, 257.0, 12785.0, 200704, 1.0, 12481.0, 1048576, 511.0, 13039.0, 200704, -2509.0, -1.0, 25090, -104858.0, -1.0, 1048580, 13039.0, 33109.0, 200704,
105, 257.0, 26296.0, 524288, 1.0, 25986.0, 2097152, 511.0, 26559.0, 524288, -6554.0, -1.0, 65540, -209716.0, -1.0, 2097160, 26559.0, 78987.0, 524288,
106, 257.0, 12785.0, 200704, 1.0, 12481.0, 1048576, 511.0, 13039.0, 200704, -10036.0, -1.0, 100360, -104858.0, -1.0, 1048580, 13039.0, 33109.0, 200704,
